"account_id","acquisition_channel","open_date","credit_line","balance","revenue","charge_off","days_past_due","delinquency_measure","month","acquisition_cost"
"A100001","Online",2023-07-07,4900,2887.45,750.35,0,0,0.589,"2024-09",173.36
"A100002","Mail",2024-04-08,4800,659.47,52.64,0,0,0.137,"2024-11",159.12
"A100003","Online",2024-01-28,8100,975.92,333.79,0,0,0.12,"2024-10",120.6
"A100004","Partner",2023-05-19,2300,932.07,532.78,0,0,0.405,"2025-05",159.33
"A100005","Partner",2023-10-26,5700,1135.59,124.3,0,0,0.199,"2024-10",134.48
"A100006","Online",2024-01-06,7400,863.74,61.3,0,0,0.117,"2025-03",177.93
"A100007","Mail",2024-10-31,3200,291.64,161.42,0,0,0.091,"2024-07",146.83
"A100008","Partner",2023-07-08,3500,2909.11,608.98,0,15,0.831,"2025-05",160.12
"A100009","Mail",2023-11-07,5500,3078.19,689.56,0,90,0.56,"2024-12",125.98
"A100010","Online",2023-07-08,3200,3028.55,293.71,0,15,0.946,"2024-05",132.4
"A100011","Partner",2024-02-22,7200,1559.9,250,0,15,0.217,"2024-03",176.84
"A100012","Online",2024-07-22,3000,1513,232.66,0,0,0.504,"2025-06",154.08
"A100013","Mail",2024-01-17,9000,350.5,767.19,1,0,0.039,"2025-02",144.45
"A100014","Mail",2023-02-07,4800,1279.46,422.95,0,0,0.267,"2024-07",154.79
"A100015","Online",2023-03-25,8000,2889.93,570.84,0,0,0.361,"2025-01",127.92
"A100016","Partner",2023-11-15,5400,1313.19,736.35,0,0,0.243,"2024-03",149.88
"A100017","Online",2024-11-16,5600,1709.86,506.69,0,15,0.305,"2024-02",131.18
"A100018","Online",2024-02-06,8500,1782.8,246.96,0,0,0.21,"2024-11",134.43
"A100019","Online",2024-10-03,5500,710.81,739.2,0,15,0.129,"2024-10",168.51
"A100020","Partner",2023-04-30,9200,1815.8,583.71,1,0,0.197,"2025-04",160.71
"A100021","Partner",2024-12-12,6900,531.48,82.87,0,0,0.077,"2025-12",178.15
"A100022","Mail",2023-11-27,9200,2042.32,525.13,0,0,0.222,"2025-08",128.31
"A100023","Mail",2024-06-16,9800,1834.93,689.55,0,0,0.187,"2024-03",147.03
"A100024","Partner",2024-03-16,2600,882.89,139.32,0,0,0.34,"2024-04",149.37
"A100025","Mail",2023-07-18,1800,2904.53,764.03,0,0,1.614,"2024-07",152.56
"A100026","Mail",2024-05-13,3200,795.58,80.63,0,0,0.249,"2024-10",147.38
"A100027","Mail",2024-08-21,4000,1465.44,177.95,0,0,0.366,"2025-08",130.29
"A100028","Mail",2023-03-13,4700,2853.09,67.37,0,0,0.607,"2025-05",162.89
"A100029","Online",2023-11-11,4200,914.6,342.43,0,0,0.218,"2025-09",174.36
"A100030","Online",2024-12-14,8900,1074.89,581.96,0,0,0.121,"2024-11",137.42
"A100031","Partner",2024-11-07,6900,2829.19,541.82,0,45,0.41,"2025-02",165.9
"A100032","Partner",2023-03-22,8100,2057.22,414.61,0,0,0.254,"2024-03",175.77
"A100033","Mail",2023-02-24,1400,2771.9,110.54,0,0,1.98,"2025-08",120.6
"A100034","Mail",2023-05-14,7200,1631.85,775.91,0,0,0.227,"2025-02",150.03
"A100035","Online",2024-02-28,8300,2882.69,470.2,0,0,0.347,"2025-05",135.56
"A100036","Online",2023-01-06,5000,707.21,587.68,0,0,0.141,"2024-05",147.73
"A100037","Mail",2023-05-08,4600,2063.21,262.57,0,90,0.449,"2024-03",144.45
"A100038","Online",2024-10-29,5500,2368.28,651.69,0,15,0.431,"2025-02",170.12
"A100039","Online",2023-02-18,9200,770.65,521.91,0,0,0.084,"2025-05",128.03
"A100040","Online",2024-04-20,2500,1906.15,731.72,0,45,0.762,"2024-11",172.17
"A100041","Online",2023-08-27,1500,2214.59,347.09,0,0,1.476,"2024-01",143.54
"A100042","Online",2023-12-06,6100,2957.63,281.21,0,0,0.485,"2024-09",157.2
"A100043","Online",2023-07-12,8100,1176.68,598.77,0,15,0.145,"2024-03",127.71
"A100044","Online",2024-12-09,9800,1840.26,571.26,1,0,0.188,"2025-08",172.9
"A100045","Online",2024-04-03,8700,214.97,376.48,0,0,0.025,"2024-12",158.42
"A100046","Online",2023-10-30,5500,1310.35,655.64,0,0,0.238,"2025-10",150.72
"A100047","Online",2023-05-28,9800,2112.86,279.21,0,0,0.216,"2024-12",157.89
"A100048","Online",2023-07-09,1700,2028.82,735.92,0,0,1.193,"2025-04",177.88
"A100049","Online",2024-09-15,5200,2654.88,522.37,0,0,0.511,"2024-09",167.48
"A100050","Partner",2023-07-10,3300,553.68,632.87,0,0,0.168,"2024-09",176.94
"A100051","Online",2024-03-21,1400,2190.07,587.86,0,0,1.564,"2025-03",159.69
"A100052","Online",2023-04-29,2300,804.82,547.38,0,0,0.35,"2025-02",147.35
"A100053","Mail",2024-09-18,7400,1960.58,577.32,0,15,0.265,"2024-03",176.67
"A100054","Online",2024-06-05,1300,2285.21,194.48,0,15,1.758,"2024-08",160.17
"A100055","Mail",2024-09-18,4400,1784.86,498.56,0,15,0.406,"2025-04",140.98
"A100056","Online",2023-02-28,9100,1308.56,625.38,0,0,0.144,"2024-01",140.8
"A100057","Online",2023-03-02,1900,2295.42,227.28,0,0,1.208,"2024-11",120.94
"A100058","Mail",2024-02-26,2100,1621.11,568.67,0,45,0.772,"2024-01",147.08
"A100059","Partner",2023-04-18,5700,892.42,119.18,0,45,0.157,"2025-03",150.61
"A100060","Online",2023-10-19,1200,1562.4,602.78,0,0,1.302,"2024-07",123.61
"A100061","Mail",2024-01-08,3500,437.58,758.51,0,15,0.125,"2025-10",164.53
"A100062","Online",2024-06-18,8500,973.04,548.07,1,0,0.114,"2025-11",129.19
"A100063","Online",2023-04-25,6900,1862.24,550.56,0,0,0.27,"2024-11",140.65
"A100064","Online",2024-08-22,5400,265.28,365.02,0,0,0.049,"2024-05",142.84
"A100065","Partner",2024-10-05,1700,833.31,153.48,0,0,0.49,"2025-12",175.16
"A100066","Online",2024-02-17,2600,2109.18,402.02,0,0,0.811,"2025-04",158.23
"A100067","Partner",2024-11-28,1400,2350.92,120.32,0,45,1.679,"2025-05",171.79
"A100068","Partner",2023-07-22,9200,2530.59,615.56,0,0,0.275,"2025-05",144.77
"A100069","Mail",2023-09-03,4100,419.63,324.75,0,0,0.102,"2024-08",162.27
"A100070","Online",2024-03-15,1100,496.25,476.1,0,0,0.451,"2024-03",131.84
"A100071","Mail",2024-11-20,2600,3039.19,337.27,0,0,1.169,"2025-08",151.67
"A100072","Mail",2023-09-08,5800,2992.65,202.43,0,0,0.516,"2024-08",173.99
"A100073","Mail",2024-07-13,8100,2964.35,451.45,0,15,0.366,"2025-09",137.44
"A100074","Online",2024-10-04,6000,2149.82,339.39,0,0,0.358,"2025-02",138.34
"A100075","Online",2024-06-28,2700,669.05,696.71,0,0,0.248,"2025-04",145.79
"A100076","Online",2023-06-11,3500,2930.43,120.17,0,0,0.837,"2025-04",173.2
"A100077","Online",2023-11-18,3900,2966.19,97.59,0,0,0.761,"2024-03",160.83
"A100078","Mail",2024-07-29,9200,707.72,175.07,1,0,0.077,"2025-02",146.27
"A100079","Online",2023-06-17,7800,420.1,751.74,1,0,0.054,"2025-05",170.01
"A100080","Online",2024-03-17,5500,1898.69,381.88,0,0,0.345,"2025-05",134.52
"A100081","Online",2023-03-19,2100,1296.22,555.8,0,0,0.617,"2025-01",143.01
"A100082","Mail",2024-10-26,6500,1580.5,77.06,0,0,0.243,"2025-08",127.22
"A100083","Online",2024-05-07,1000,1594.21,401.32,0,0,1.594,"2024-02",133.99
"A100084","Mail",2023-07-18,5700,2536.72,84.24,1,0,0.445,"2025-04",161.25
"A100085","Online",2024-02-28,6100,2671,515.03,0,0,0.438,"2025-02",179.6
"A100086","Online",2024-03-20,1600,1047.07,698.67,0,15,0.654,"2024-05",169.93
"A100087","Partner",2023-04-05,7800,2389.93,196.9,0,15,0.306,"2024-09",161.88
"A100088","Partner",2024-04-08,1900,1687.92,261.57,0,0,0.888,"2025-12",151.49
"A100089","Partner",2024-01-14,4500,398.8,698.89,0,0,0.089,"2025-09",130.99
"A100090","Online",2023-12-08,1700,312.94,74.03,0,0,0.184,"2025-06",178.93
"A100091","Online",2023-08-09,5800,912.76,636.77,0,0,0.157,"2024-10",169.44
"A100092","Mail",2024-11-26,7800,855.19,391.3,0,0,0.11,"2025-08",178.1
"A100093","Online",2023-06-10,4800,1467.16,110.09,0,45,0.306,"2025-06",151.48
"A100094","Mail",2024-09-11,3100,1849.25,730.07,0,0,0.597,"2024-02",164.64
"A100095","Online",2024-03-23,8500,2341.21,191.75,0,0,0.275,"2024-04",167.75
"A100096","Online",2023-08-30,1900,919.98,609.57,0,0,0.484,"2024-09",150.09
"A100097","Mail",2024-11-23,7100,2887.05,373.67,0,0,0.407,"2025-03",151.24
"A100098","Online",2024-06-19,7400,1647.87,552.9,0,0,0.223,"2024-02",162.28
"A100099","Online",2024-02-11,5600,988.54,190.59,1,0,0.177,"2024-04",148.6
"A100100","Mail",2023-08-17,2300,1159.76,711.31,0,0,0.504,"2024-12",137.65
"A100101","Mail",2023-08-12,8000,2192.91,86.65,1,0,0.274,"2025-06",152.17
"A100102","Online",2024-04-18,7200,2384.15,215.15,0,0,0.331,"2024-11",155.35
"A100103","Online",2024-11-29,4300,1914.31,246.35,0,90,0.445,"2024-07",159.61
"A100104","Partner",2024-03-16,8300,2836.09,625.41,0,0,0.342,"2024-04",177.37
"A100105","Online",2023-06-20,8800,1427.61,339.47,0,15,0.162,"2024-10",136.25
"A100106","Partner",2023-01-23,2800,816.19,258.93,0,0,0.291,"2025-11",135.88
"A100107","Partner",2023-08-06,9100,1612.46,108.21,1,0,0.177,"2024-12",135.37
"A100108","Mail",2024-04-28,3100,1338.22,425.23,0,0,0.432,"2025-04",146.1
"A100109","Online",2023-10-28,2700,942.69,388.59,0,0,0.349,"2024-02",145.6
"A100110","Online",2024-10-09,6000,2975.1,789.95,0,0,0.496,"2025-06",143.48
"A100111","Partner",2023-03-20,7600,1598.52,156.6,0,0,0.21,"2024-12",154.08
"A100112","Online",2024-05-25,6100,241.83,675.38,0,0,0.04,"2024-06",142.38
"A100113","Online",2024-05-21,7200,3029.67,72.15,0,0,0.421,"2024-10",142.53
"A100114","Partner",2023-06-13,4600,1323.64,634.07,0,15,0.288,"2025-05",138.39
"A100115","Mail",2023-08-25,2700,224.12,221.51,0,0,0.083,"2024-08",157.46
"A100116","Online",2024-08-01,5000,3141.57,150.4,0,0,0.628,"2025-12",129.88
"A100117","Mail",2024-02-26,7400,1332.62,192.96,0,15,0.18,"2024-07",128.12
"A100118","Partner",2024-05-07,4800,3157.6,211.9,1,0,0.658,"2025-02",124.92
"A100119","Mail",2024-12-30,2400,618.85,750.63,0,0,0.258,"2024-11",124.57
"A100120","Online",2023-07-28,5800,1886.65,791.61,0,0,0.325,"2025-12",161.4
"A100121","Mail",2024-08-21,7900,2583.08,282.52,0,0,0.327,"2024-10",178.25
"A100122","Online",2024-11-23,4900,781.7,152.85,0,0,0.16,"2025-07",167.55
"A100123","Online",2023-12-24,8300,2332.1,545.74,0,0,0.281,"2025-03",159.28
"A100124","Online",2024-10-11,6900,1897.12,488.69,0,0,0.275,"2024-11",161.41
"A100125","Online",2023-12-24,4300,230.35,308.05,0,0,0.054,"2025-02",140.74
"A100126","Partner",2023-02-10,9900,970.85,660.47,0,0,0.098,"2024-10",158.64
"A100127","Online",2023-05-09,2700,1612.94,262.39,0,15,0.597,"2025-03",143.39
"A100128","Online",2024-03-25,7800,2980.59,684.38,0,0,0.382,"2025-06",127.46
"A100129","Online",2023-08-20,6900,3185.88,152.77,0,0,0.462,"2024-01",167.03
"A100130","Mail",2023-11-30,4400,829.95,696.46,0,15,0.189,"2025-11",172.08
"A100131","Mail",2024-01-31,7900,1835.56,100.34,1,15,0.232,"2025-10",145
"A100132","Partner",2024-12-30,6300,2136.18,376.41,0,0,0.339,"2025-08",158.94
"A100133","Mail",2024-09-30,5200,2903.32,560.1,0,0,0.558,"2025-11",154.57
"A100134","Mail",2023-02-10,8200,2396.97,204.37,0,0,0.292,"2025-05",173.64
"A100135","Mail",2023-09-21,3100,2029.13,756.9,0,0,0.655,"2024-09",143.74
"A100136","Mail",2024-11-27,2900,873.12,334.49,0,0,0.301,"2024-07",143.79
"A100137","Partner",2023-07-20,5600,2948.51,519.68,0,0,0.527,"2024-04",138.48
"A100138","Mail",2023-02-21,5000,2608.28,187.63,0,15,0.522,"2024-07",125.83
"A100139","Partner",2023-08-13,2300,1137.23,544.41,0,0,0.494,"2024-02",163.59
"A100140","Online",2023-03-08,3800,881.75,601.02,0,0,0.232,"2025-08",173.39
"A100141","Online",2024-11-10,2000,2172.79,421.76,0,15,1.086,"2025-04",153.38
"A100142","Online",2024-07-30,6900,2407.19,701.54,1,0,0.349,"2025-01",127.89
"A100143","Online",2024-04-01,2900,1595.28,673.88,0,0,0.55,"2025-08",174.21
"A100144","Online",2024-06-24,9000,2790.82,787.47,0,0,0.31,"2025-05",143.79
"A100145","Partner",2023-01-20,9700,2225,550.14,0,15,0.229,"2024-07",127.81
"A100146","Online",2023-07-25,6000,684.4,532.15,0,0,0.114,"2024-02",173.98
"A100147","Online",2023-05-04,9800,236.27,83.86,0,0,0.024,"2025-10",146.77
"A100148","Online",2024-08-14,2200,2798.2,193.13,0,0,1.272,"2025-01",146.01
"A100149","Online",2023-02-14,8500,502.14,74.44,0,0,0.059,"2024-07",145.03
"A100150","Mail",2023-11-28,1500,1136.7,685.4,0,0,0.758,"2025-12",138.85
"A100151","Partner",2023-10-08,7600,1503.49,368.34,0,0,0.198,"2024-04",128.47
"A100152","Online",2023-04-01,5300,2047.27,662.9,0,0,0.386,"2024-03",167.43
"A100153","Online",2024-10-14,2000,1217.67,163.74,0,0,0.609,"2025-05",170.45
"A100154","Online",2023-05-18,2800,1939.93,354.38,0,0,0.693,"2025-01",131.58
"A100155","Online",2024-08-28,2000,2689.02,591.88,0,0,1.345,"2025-12",147.43
"A100156","Online",2023-05-07,7200,1203.85,94.73,0,0,0.167,"2024-04",135.17
"A100157","Mail",2024-02-29,3100,1346.06,297.76,0,0,0.434,"2025-04",124.98
"A100158","Online",2023-01-08,2000,2017.07,632.57,0,0,1.009,"2024-08",166.14
"A100159","Online",2023-09-28,3600,1687.21,680.34,1,0,0.469,"2024-03",136.61
"A100160","Online",2024-08-17,1100,527.8,702.94,0,0,0.48,"2025-05",150.3
"A100161","Mail",2023-06-16,1500,2737.78,764.78,0,0,1.825,"2025-09",128.07
"A100162","Online",2024-05-13,6400,1537.57,337.97,0,45,0.24,"2025-11",148.63
"A100163","Mail",2023-09-12,5700,2451.13,762.97,0,0,0.43,"2025-01",171.04
"A100164","Online",2024-08-21,3700,2586.62,578.08,0,0,0.699,"2024-10",120.84
"A100165","Online",2024-09-25,3800,1372.1,366.49,0,0,0.361,"2024-05",179.67
"A100166","Mail",2023-03-12,7700,244.54,343.49,0,0,0.032,"2024-02",167.34
"A100167","Mail",2023-03-22,5000,2430.24,207.93,0,45,0.486,"2024-10",135.01
"A100168","Online",2024-03-12,1400,405.16,614.36,0,0,0.289,"2024-04",164.43
"A100169","Online",2024-08-01,1800,1796.06,383.81,0,0,0.998,"2025-12",147.8
"A100170","Online",2024-03-12,9200,567.89,389.99,0,0,0.062,"2025-08",122.13
"A100171","Mail",2023-09-27,3700,2227.31,112.44,0,0,0.602,"2024-11",156.61
"A100172","Online",2024-02-16,2400,368.06,323.88,0,0,0.153,"2024-02",144.02
"A100173","Partner",2024-10-07,6900,2594.03,721.21,0,0,0.376,"2025-02",179.8
"A100174","Mail",2023-05-17,8400,2187.81,458.33,0,0,0.26,"2024-04",146.56
"A100175","Mail",2024-11-03,2600,932.72,73.12,0,15,0.359,"2024-01",120.6
"A100176","Mail",2024-09-19,7000,681.12,341.32,1,0,0.097,"2025-02",121.53
"A100177","Online",2023-02-15,5000,374,135.05,0,0,0.075,"2025-02",138.22
"A100178","Mail",2023-03-05,3400,245.63,257.94,0,15,0.072,"2025-11",127.46
"A100179","Partner",2024-06-14,8500,2700.06,589.64,1,0,0.318,"2024-06",126.87
"A100180","Mail",2023-08-17,2800,985.63,332.02,0,15,0.352,"2025-09",147.12
"A100181","Partner",2024-09-01,6100,366.24,525.84,0,0,0.06,"2025-11",144.6
"A100182","Online",2023-05-09,8000,1244.1,422.56,0,15,0.156,"2025-06",136.28
"A100183","Mail",2023-08-08,2000,1940.66,655.61,0,15,0.97,"2025-11",143.48
"A100184","Online",2024-11-22,2400,2612.65,486.64,0,15,1.089,"2024-02",153.38
"A100185","Mail",2023-08-10,8200,1220.8,179.01,0,0,0.149,"2024-04",133.97
"A100186","Online",2024-05-21,9700,604.55,752.97,0,0,0.062,"2025-05",122.85
"A100187","Online",2024-08-24,9200,2520.84,90.36,0,45,0.274,"2025-03",178
"A100188","Mail",2023-05-02,2000,2831.71,115.42,1,0,1.416,"2025-09",129.59
"A100189","Partner",2023-11-27,4200,3163.9,681.17,0,45,0.753,"2025-11",156.09
"A100190","Partner",2024-05-16,8200,2164.46,365.67,0,0,0.264,"2025-04",176.31
"A100191","Online",2024-04-28,3200,962.08,588.11,0,0,0.301,"2024-12",179.5
"A100192","Online",2023-10-18,2600,2124.37,602.11,0,0,0.817,"2024-08",155.49
"A100193","Partner",2024-12-09,1900,1551.84,790.6,0,0,0.817,"2024-02",167.7
"A100194","Mail",2023-06-18,8100,790.88,770.73,0,0,0.098,"2025-03",125.26
"A100195","Partner",2024-12-29,2700,2018.56,156.35,0,0,0.748,"2025-04",126.17
"A100196","Online",2024-03-22,3300,3123.89,548.71,0,0,0.947,"2025-05",127.82
"A100197","Online",2024-07-14,9800,797.52,74.87,1,0,0.081,"2024-03",133.53
"A100198","Mail",2023-12-07,5900,1504.28,420.89,0,0,0.255,"2024-02",140.11
"A100199","Online",2023-03-10,8000,1218.62,643.51,0,15,0.152,"2024-11",156.46
"A100200","Mail",2023-11-16,2100,302.02,334.41,0,45,0.144,"2024-01",131.78
"A100201","Online",2024-05-18,8900,497.6,761.22,0,0,0.056,"2024-10",136.9
"A100202","Partner",2023-03-17,1200,1457.7,545.51,0,0,1.215,"2025-07",124.85
"A100203","Mail",2023-01-02,4000,342.02,374.57,0,45,0.086,"2024-01",158.31
"A100204","Mail",2023-04-16,3000,279.59,679.01,0,0,0.093,"2025-03",171.45
"A100205","Online",2023-04-21,7100,720.54,653.52,0,15,0.101,"2025-06",166.09
"A100206","Partner",2024-01-09,4300,1334.26,370.3,0,0,0.31,"2024-04",156.26
"A100207","Online",2023-03-13,3700,1964.97,297.04,1,0,0.531,"2025-11",159.79
"A100208","Online",2024-03-24,4500,1209.29,473.78,0,0,0.269,"2024-02",164.81
"A100209","Online",2023-08-17,3500,1683.64,695.92,0,0,0.481,"2024-10",146.79
"A100210","Online",2024-06-06,1000,2456.98,489.4,0,0,2.457,"2024-01",132.43
"A100211","Online",2024-12-19,9900,707.19,533.84,0,0,0.071,"2024-01",135.6
"A100212","Online",2023-12-01,3000,2730.89,625.31,0,0,0.91,"2024-08",146.03
"A100213","Online",2023-02-25,5100,1160.91,569.64,0,0,0.228,"2025-07",125.92
"A100214","Mail",2024-09-09,9400,901.66,700.1,0,15,0.096,"2024-08",121.99
"A100215","Online",2023-09-28,4400,1129.98,121.02,1,0,0.257,"2025-11",158
"A100216","Mail",2023-07-26,2100,2569.73,507.45,0,0,1.224,"2024-01",152.26
"A100217","Online",2024-03-11,2200,963.52,230.66,0,0,0.438,"2024-10",169.31
"A100218","Online",2024-08-23,5900,2968.47,402.23,0,0,0.503,"2025-04",159.69
"A100219","Partner",2023-10-19,7300,645.06,262.94,0,0,0.088,"2024-07",148.1
"A100220","Partner",2024-01-22,4200,849.43,738.83,0,0,0.202,"2025-12",171.51
"A100221","Online",2023-09-20,3300,2078.28,349.81,1,0,0.63,"2024-06",166.47
"A100222","Partner",2023-03-09,1800,971.21,474.01,0,0,0.54,"2025-11",142.94
"A100223","Mail",2023-04-30,4000,2321.52,110.66,0,0,0.58,"2025-10",179.22
"A100224","Mail",2024-07-18,7500,2427.22,757.03,0,0,0.324,"2025-02",132.82
"A100225","Online",2023-12-23,4000,987.07,601.83,0,0,0.247,"2024-10",178.41
"A100226","Online",2024-06-06,6900,1917.86,406.48,0,0,0.278,"2025-09",147.06
"A100227","Online",2024-08-08,10000,2946.95,186.38,0,0,0.295,"2024-04",138.62
"A100228","Mail",2023-09-13,3200,2325.26,597.78,0,0,0.727,"2024-11",171.55
"A100229","Mail",2023-12-15,4600,2733.07,510.97,0,0,0.594,"2024-12",162.46
"A100230","Partner",2024-04-15,8300,2959.83,95.78,0,0,0.357,"2024-12",153.42
"A100231","Mail",2023-03-29,5200,1083.9,89.97,0,0,0.208,"2024-06",134.48
"A100232","Online",2024-02-20,2800,2151.96,391.44,0,0,0.769,"2024-05",151.46
"A100233","Mail",2023-01-11,2500,625.3,185.72,0,0,0.25,"2025-11",165.29
"A100234","Online",2024-08-08,4800,2760.6,418.48,0,0,0.575,"2025-04",149.99
"A100235","Online",2024-04-07,5900,2198.02,786.4,0,90,0.373,"2025-03",148.6
"A100236","Online",2024-11-30,2800,2399.98,218.09,1,45,0.857,"2025-07",150.21
"A100237","Online",2023-10-14,1300,1144.22,584.4,0,45,0.88,"2024-09",156.56
"A100238","Partner",2024-11-15,6000,2203.15,162.59,1,0,0.367,"2024-01",149.61
"A100239","Online",2023-10-07,4400,1591.66,444.29,0,0,0.362,"2025-06",131.71
"A100240","Partner",2024-05-26,4300,2150.85,671.36,0,45,0.5,"2024-10",150.73
"A100241","Mail",2023-08-30,3800,2557.33,145.15,0,0,0.673,"2025-05",173.16
"A100242","Mail",2023-03-05,8600,2905.11,664.76,0,0,0.338,"2025-08",124.56
"A100243","Online",2023-11-24,9300,1782.22,234.5,0,0,0.192,"2025-06",147.99
"A100244","Mail",2023-06-21,6300,674.33,122.76,0,0,0.107,"2024-06",171.95
"A100245","Online",2023-10-25,7600,1008.86,172.78,0,15,0.133,"2024-11",139.67
"A100246","Mail",2023-06-09,9800,603.62,548.27,1,0,0.062,"2024-11",155.71
"A100247","Online",2024-11-09,9400,912.67,558.07,0,0,0.097,"2025-08",148.17
"A100248","Partner",2024-11-08,6200,2369.17,149.71,0,0,0.382,"2024-07",165.58
"A100249","Partner",2024-06-12,4900,2081.38,784.64,0,15,0.425,"2025-02",151.83
"A100250","Mail",2024-04-12,1400,1557.09,159.96,0,0,1.112,"2025-10",178.12
"A100251","Online",2024-01-19,1400,2102.92,756.36,1,0,1.502,"2025-12",176.95
"A100252","Online",2023-12-31,9200,1788.49,575.26,0,15,0.194,"2025-10",154.5
"A100253","Mail",2024-08-13,8000,1190.32,475.97,0,0,0.149,"2025-07",128
"A100254","Online",2024-04-15,2600,2512.21,234.76,0,0,0.966,"2024-06",135.2
"A100255","Mail",2023-08-15,2600,2104.97,305.65,0,0,0.81,"2025-12",179.58
"A100256","Mail",2024-09-13,7000,2523.09,679.82,0,0,0.36,"2025-07",144.47
"A100257","Online",2023-11-11,2000,736.55,741.14,0,0,0.368,"2024-02",133.18
"A100258","Online",2023-08-31,2300,1389.21,436.52,0,0,0.604,"2025-08",140.89
"A100259","Online",2023-09-22,4200,3088.15,716.08,0,0,0.735,"2025-01",154.16
"A100260","Partner",2024-06-18,4300,1331.94,578.05,0,0,0.31,"2024-12",121.82
"A100261","Partner",2023-04-22,7300,432.66,367.82,0,0,0.059,"2025-03",121.19
"A100262","Partner",2024-03-31,1900,1788.01,275.2,0,0,0.941,"2024-02",140.13
"A100263","Mail",2023-04-03,4700,3049.17,772.54,0,0,0.649,"2025-11",135.38
"A100264","Partner",2024-05-03,8600,2768.34,143.62,0,0,0.322,"2025-10",121.36
"A100265","Mail",2024-09-22,2100,1848.31,560.26,0,45,0.88,"2024-06",166.07
"A100266","Mail",2023-02-17,4400,2194.86,664.88,0,0,0.499,"2025-04",166.86
"A100267","Online",2024-04-26,6800,1701.34,212.21,0,0,0.25,"2025-03",161.6
"A100268","Online",2023-09-05,4200,2972.22,495.57,0,0,0.708,"2024-09",123.06
"A100269","Online",2023-04-15,5200,475.78,171.27,1,0,0.091,"2025-07",159.56
"A100270","Mail",2023-06-20,2000,1690.86,354.14,1,0,0.845,"2024-02",165.76
"A100271","Partner",2024-11-26,8100,2546.67,229.16,0,0,0.314,"2025-03",139.22
"A100272","Online",2024-04-03,9000,2809.54,445.7,0,0,0.312,"2024-08",144.24
"A100273","Online",2024-05-30,1300,2904.66,553.22,0,0,2.234,"2024-05",121.96
"A100274","Online",2023-11-08,8500,2634.15,730.67,0,0,0.31,"2025-09",149.53
"A100275","Mail",2024-07-15,5600,661.19,299.6,0,45,0.118,"2024-07",128.5
"A100276","Mail",2023-05-19,6500,2389.28,231.9,1,0,0.368,"2025-06",167.95
"A100277","Partner",2024-04-25,2300,2478.51,282.49,0,0,1.078,"2025-05",144.55
"A100278","Online",2023-09-07,6000,2182.46,220.1,0,0,0.364,"2025-08",176.19
"A100279","Online",2024-08-19,3600,2924.11,142.25,0,0,0.812,"2025-01",163.97
"A100280","Mail",2023-11-26,8400,1369.35,250.82,0,0,0.163,"2025-02",146.1
"A100281","Mail",2024-09-24,5800,3070.94,742.74,0,0,0.529,"2025-08",167.93
"A100282","Online",2024-09-17,3800,1569.76,92.36,0,0,0.413,"2024-02",141.98
"A100283","Online",2023-07-14,4700,785.03,426.09,0,0,0.167,"2025-09",142.86
"A100284","Online",2023-04-09,2800,1972.16,645.34,0,0,0.704,"2024-06",160.41
"A100285","Online",2023-04-08,3000,666.2,678.45,0,0,0.222,"2024-11",146.39
"A100286","Online",2023-02-27,5800,1758.49,482.21,1,0,0.303,"2024-11",162.76
"A100287","Online",2024-02-28,1500,1438.52,231.39,0,90,0.959,"2025-11",146.12
"A100288","Online",2024-06-08,7800,2681.65,486.55,0,0,0.344,"2024-11",159.92
"A100289","Online",2023-01-08,9700,1889.29,153.14,0,0,0.195,"2024-07",151.38
"A100290","Mail",2023-09-15,2500,1569.43,412.03,0,15,0.628,"2025-11",174.22
"A100291","Online",2024-09-26,8200,777.05,120.26,0,0,0.095,"2024-07",176.27
"A100292","Online",2023-09-19,8700,1615.84,278.73,0,0,0.186,"2024-07",177.67
"A100293","Online",2024-08-21,7100,897.5,557.53,0,15,0.126,"2025-07",134.02
"A100294","Partner",2024-06-12,7800,1142.24,203.85,0,15,0.146,"2025-10",145.89
"A100295","Mail",2023-07-25,3900,2800.56,346.19,1,0,0.718,"2024-10",145.13
"A100296","Partner",2023-07-18,7100,1534.96,652.14,0,0,0.216,"2025-04",129.58
"A100297","Partner",2024-08-11,5400,1501.79,221.24,1,0,0.278,"2024-11",151.88
"A100298","Online",2024-04-03,7700,1617.76,107.68,0,0,0.21,"2025-10",176.01
"A100299","Online",2023-08-22,7700,2700.21,633.67,0,15,0.351,"2024-01",125.42
"A100300","Mail",2024-06-12,9400,231.02,552.6,0,15,0.025,"2024-12",159.38
"A100301","Mail",2023-02-24,6100,1127.39,433.33,1,0,0.185,"2024-01",130.71
"A100302","Online",2024-06-14,7900,458.46,210.5,0,0,0.058,"2025-08",134.91
"A100303","Mail",2024-05-02,5100,2669.02,190.77,0,15,0.523,"2024-05",154.76
"A100304","Mail",2023-09-28,2900,1613.32,508.36,0,0,0.556,"2025-05",125.95
"A100305","Mail",2024-02-02,9000,1797.01,79.06,1,0,0.2,"2024-01",159.92
"A100306","Online",2023-08-06,8400,1386.19,222.08,0,0,0.165,"2025-07",157.22
"A100307","Online",2023-06-04,4900,1563.31,667.95,0,15,0.319,"2024-02",172.37
"A100308","Online",2023-07-28,3000,544.7,275.28,0,15,0.182,"2024-01",131.93
"A100309","Online",2024-06-28,6700,293.27,62.07,0,15,0.044,"2024-09",139.24
"A100310","Online",2024-10-21,9200,269.63,771.19,0,0,0.029,"2024-02",144.58
"A100311","Online",2023-12-13,5200,432.56,115.81,0,0,0.083,"2024-10",175.62
"A100312","Online",2023-03-15,1000,1284.59,611.02,0,0,1.285,"2025-01",122.61
"A100313","Mail",2024-07-18,4300,2484.23,677.01,0,0,0.578,"2025-08",131.62
"A100314","Online",2023-11-25,8500,2429.84,61.99,0,0,0.286,"2024-02",163.2
"A100315","Online",2024-11-01,2300,493.08,689.65,0,0,0.214,"2025-08",123.31
"A100316","Partner",2023-12-05,7600,3085.72,462.72,0,0,0.406,"2025-11",178.87
"A100317","Partner",2023-02-24,5700,629.61,304.77,0,0,0.11,"2025-08",121.55
"A100318","Online",2023-09-04,2900,1653.99,294.28,0,0,0.57,"2025-01",150.55
"A100319","Online",2024-01-05,9900,1894.73,529.42,0,0,0.191,"2025-01",171.91
"A100320","Partner",2024-06-13,1300,2996.92,145.89,0,0,2.305,"2025-01",138.1
"A100321","Partner",2023-02-13,1300,2660.07,283.34,0,0,2.046,"2024-09",157.19
"A100322","Online",2024-06-16,9900,1799.25,487.31,0,0,0.182,"2024-12",153.91
"A100323","Online",2024-06-24,7400,1353.41,619.4,0,0,0.183,"2024-03",146.89
"A100324","Mail",2024-01-11,9800,1837.96,463.78,0,15,0.188,"2024-06",176.55
"A100325","Online",2023-03-25,9000,2590.18,565.84,0,45,0.288,"2025-01",143.07
"A100326","Online",2024-06-18,9400,2082.03,328.45,0,0,0.221,"2025-11",140.7
"A100327","Partner",2024-07-07,4500,511.87,730.06,0,0,0.114,"2025-04",176.62
"A100328","Online",2024-12-09,2600,775.98,781.8,0,0,0.298,"2024-03",125.55
"A100329","Online",2023-07-13,4800,2726.33,624.57,1,0,0.568,"2025-10",173.11
"A100330","Partner",2024-08-16,6800,1638.13,59.2,0,0,0.241,"2025-02",137.9
"A100331","Mail",2024-04-04,7800,2531.78,441.95,0,15,0.325,"2025-11",129.47
"A100332","Online",2024-07-29,1800,2654.54,649.28,0,15,1.475,"2025-02",126.71
"A100333","Mail",2023-03-18,4000,1090.8,205.59,0,0,0.273,"2025-10",124.93
"A100334","Partner",2024-09-10,7900,880.13,339.71,1,90,0.111,"2025-02",133.91
"A100335","Online",2024-11-21,5000,2061.07,456.79,0,90,0.412,"2025-05",171.67
"A100336","Online",2024-10-19,4000,1321.63,608.19,0,0,0.33,"2024-09",144.79
"A100337","Mail",2023-09-23,4400,2857.92,300,0,0,0.65,"2025-07",162.75
"A100338","Mail",2024-12-13,8200,576.59,293.69,0,0,0.07,"2025-04",175.79
"A100339","Mail",2023-12-21,5800,673.99,367.81,0,0,0.116,"2025-09",138.28
"A100340","Partner",2024-04-14,4700,2115.39,257.23,1,15,0.45,"2025-10",164.31
"A100341","Online",2023-12-05,9100,758.39,519.57,0,0,0.083,"2025-11",159.25
"A100342","Online",2023-07-19,2600,2193.53,82.7,0,15,0.844,"2025-09",138.27
"A100343","Mail",2023-08-25,8600,1736.08,504.9,0,0,0.202,"2024-04",121.29
"A100344","Online",2023-09-15,5600,2424.86,362.79,0,0,0.433,"2025-09",142.93
"A100345","Online",2024-01-15,6200,1209.54,82.71,0,0,0.195,"2024-12",135.18
"A100346","Online",2023-04-22,2500,533.81,795.06,0,0,0.214,"2024-03",151.96
"A100347","Partner",2023-01-05,2400,1406.87,519.92,0,0,0.586,"2025-02",160.09
"A100348","Online",2024-04-13,10000,1828.1,679.13,0,0,0.183,"2025-10",137.52
"A100349","Online",2024-04-23,3100,2420.78,347.81,0,15,0.781,"2025-10",148.26
"A100350","Mail",2024-09-03,1700,717.71,764.82,0,0,0.422,"2025-01",142.77
"A100351","Online",2024-02-15,7400,1959.46,333.8,0,0,0.265,"2025-02",126
"A100352","Partner",2024-02-11,7900,1699.54,664.92,1,0,0.215,"2025-06",130.69
"A100353","Mail",2024-10-16,9500,3009.08,55.42,0,0,0.317,"2024-10",170.7
"A100354","Online",2024-09-06,7900,2930.91,705.31,1,0,0.371,"2025-08",148.36
"A100355","Mail",2023-02-27,1400,658.72,105.46,0,0,0.471,"2025-12",172.66
"A100356","Partner",2024-01-26,9900,1121.89,662.53,0,0,0.113,"2024-10",170.51
"A100357","Mail",2023-10-17,1800,2294.88,489.53,0,15,1.275,"2025-06",130.42
"A100358","Online",2023-10-14,4000,2489.65,562.06,0,0,0.622,"2025-04",163.48
"A100359","Online",2024-04-10,7600,1729.61,585.62,0,90,0.228,"2025-01",145.59
"A100360","Partner",2024-06-13,5000,880.18,260.08,0,45,0.176,"2024-12",155.11
"A100361","Online",2024-05-02,4100,697.58,555.14,0,0,0.17,"2025-09",166.05
"A100362","Online",2023-09-22,6200,1148.41,272.78,0,0,0.185,"2025-12",175.54
"A100363","Partner",2024-08-13,3200,334.82,478.28,0,0,0.105,"2024-09",168.37
"A100364","Online",2024-10-08,9100,2208.71,91.03,0,0,0.243,"2024-10",176.52
"A100365","Online",2024-04-22,9500,2438.83,310.71,0,0,0.257,"2025-08",137.91
"A100366","Mail",2023-11-17,6700,945.6,423.26,0,15,0.141,"2024-10",120.1
"A100367","Online",2023-01-09,3200,1600.86,448.77,0,0,0.5,"2024-02",131.39
"A100368","Online",2023-10-08,3400,332.86,661.83,0,0,0.098,"2024-06",164.6
"A100369","Online",2024-10-03,4700,494.8,432.74,1,0,0.105,"2025-12",158.1
"A100370","Online",2024-12-08,3900,2891.28,686.71,0,0,0.741,"2024-02",150.34
"A100371","Online",2023-02-09,4700,2045.45,495.64,0,0,0.435,"2025-01",121.66
"A100372","Online",2023-05-28,1300,2122.13,453.42,0,45,1.632,"2025-03",123.66
"A100373","Partner",2024-10-12,9000,1583.01,520.28,0,15,0.176,"2025-06",130.26
"A100374","Online",2023-01-18,7900,1039.19,268.98,0,0,0.132,"2025-06",179.65
"A100375","Mail",2024-02-02,3500,3034.85,475.43,0,0,0.867,"2024-11",166.82
"A100376","Partner",2023-12-14,4800,269.22,799.62,0,15,0.056,"2024-07",151.34
"A100377","Mail",2023-03-08,3600,731.94,740.34,0,0,0.203,"2025-02",122.65
"A100378","Online",2024-08-27,7100,3114.28,627.01,0,0,0.439,"2025-12",136.21
"A100379","Online",2024-01-18,8400,2599.21,682.8,0,0,0.309,"2025-06",126.9
"A100380","Partner",2024-07-04,3000,3198.95,741.71,0,0,1.066,"2024-06",163.36
"A100381","Mail",2023-05-31,8100,982.23,500.59,0,0,0.121,"2024-02",144.29
"A100382","Mail",2024-08-13,2600,1946.55,325.85,0,0,0.749,"2025-04",173.15
"A100383","Online",2024-04-15,8700,416.88,610.25,0,0,0.048,"2025-06",142.88
"A100384","Mail",2023-12-10,3300,2606.85,413.65,0,0,0.79,"2025-10",145.67
"A100385","Mail",2023-06-17,1600,2841.7,53.61,0,0,1.776,"2025-12",122.38
"A100386","Partner",2023-06-10,7600,2868.89,554.86,0,45,0.377,"2024-09",146.98
"A100387","Online",2024-02-25,4200,233.98,352.74,0,0,0.056,"2024-09",161.69
"A100388","Online",2024-03-19,9700,924.2,764.89,0,0,0.095,"2024-01",168.51
"A100389","Online",2023-01-29,8800,2021.81,150.78,0,0,0.23,"2024-02",129.21
"A100390","Online",2024-09-24,10000,1288.16,333.29,0,0,0.129,"2025-06",153.15
"A100391","Partner",2023-08-29,3300,2327.63,724.89,0,0,0.705,"2024-06",146.23
"A100392","Online",2024-10-26,9600,326.22,652.51,0,0,0.034,"2025-06",163.72
"A100393","Mail",2023-02-11,5500,2171.51,429.82,0,0,0.395,"2024-03",145.32
"A100394","Mail",2023-02-13,3600,892.07,63.57,0,0,0.248,"2025-05",146.97
"A100395","Online",2023-08-12,2100,1018.93,237.7,0,0,0.485,"2024-02",165.42
"A100396","Online",2023-01-08,5800,2399.49,279.49,0,0,0.414,"2024-02",134.78
"A100397","Online",2024-07-04,1700,734.77,546.29,0,0,0.432,"2024-06",148.42
"A100398","Online",2023-12-18,9500,1356.9,123.63,0,45,0.143,"2024-06",133.67
"A100399","Online",2023-08-05,1400,2253.06,773.97,0,15,1.609,"2025-02",146.79
"A100400","Partner",2024-11-26,8600,1445.57,700.42,0,15,0.168,"2024-01",174.21
"A100401","Partner",2024-11-13,9200,1826.49,263.65,0,0,0.199,"2024-04",177.06
"A100402","Online",2024-03-26,3500,1565.57,376.02,0,0,0.447,"2025-08",155.16
"A100403","Partner",2023-02-25,2900,581.19,305.71,0,15,0.2,"2025-01",158.7
"A100404","Mail",2023-10-05,3800,293.55,311.1,0,15,0.077,"2025-03",176.59
"A100405","Online",2024-02-05,6500,696.96,278.13,0,0,0.107,"2024-11",164.01
"A100406","Online",2024-04-12,1800,2596.64,735.89,0,0,1.443,"2024-07",177.02
"A100407","Mail",2024-09-02,8900,627.16,262.68,0,0,0.07,"2025-11",160.95
"A100408","Online",2024-10-15,9400,423.32,700.89,0,15,0.045,"2025-10",135.5
"A100409","Online",2023-08-17,5800,285.72,662.52,0,0,0.049,"2024-12",162.97
"A100410","Mail",2024-01-10,5900,1452.18,188.44,0,0,0.246,"2024-04",149.4
"A100411","Online",2024-07-29,5100,2762.08,220.42,0,0,0.542,"2024-03",174.55
"A100412","Partner",2023-08-30,8200,1191.47,549.22,0,0,0.145,"2025-05",176.06
"A100413","Online",2023-10-07,2000,1533.31,401.06,0,0,0.767,"2024-06",148.63
"A100414","Online",2024-06-03,7400,1440.45,132.23,0,0,0.195,"2024-02",146.41
"A100415","Online",2024-10-21,8400,1255.25,159.24,0,0,0.149,"2024-06",155.76
"A100416","Online",2023-03-15,9800,2983.55,287.88,0,0,0.304,"2025-03",162.39
"A100417","Partner",2023-03-27,7100,2990.16,505.4,0,45,0.421,"2025-02",178.53
"A100418","Online",2024-03-09,8700,1040.79,760.26,0,0,0.12,"2024-08",147.95
"A100419","Online",2023-01-17,2300,2387.93,366.94,0,0,1.038,"2024-03",137.88
"A100420","Online",2024-10-10,9300,850.35,744.87,0,0,0.091,"2025-11",169.59
"A100421","Mail",2023-06-12,9700,3020.74,124.73,0,0,0.311,"2024-08",174.1
"A100422","Mail",2024-04-29,4600,392.9,699.72,0,0,0.085,"2024-08",156.84
"A100423","Mail",2024-04-13,1900,3166.01,245.37,0,0,1.666,"2024-06",136.31
"A100424","Online",2024-03-22,5800,830.63,263.02,0,0,0.143,"2025-08",145.98
"A100425","Partner",2023-07-04,6100,1155.6,174.39,0,0,0.189,"2024-11",177.38
"A100426","Mail",2024-10-17,8000,565.31,72.47,0,0,0.071,"2025-10",150.56
"A100427","Online",2024-04-18,3100,1952.64,123.59,0,0,0.63,"2024-04",135.16
"A100428","Online",2023-12-21,5300,2175.03,139.89,0,0,0.41,"2024-11",144.62
"A100429","Online",2023-02-04,2000,3188.5,195.61,0,0,1.594,"2025-08",132.46
"A100430","Partner",2024-06-21,2700,782.2,672.19,0,0,0.29,"2025-12",150.22
"A100431","Partner",2023-02-05,2100,2649.49,61.49,0,0,1.262,"2025-11",171
"A100432","Mail",2024-11-17,8000,2058.36,339.27,1,0,0.257,"2024-04",121.33
"A100433","Online",2024-05-17,1200,3156.82,735.77,0,0,2.631,"2025-05",169.96
"A100434","Partner",2024-02-13,6800,1525.38,61.46,0,0,0.224,"2024-04",135.32
"A100435","Online",2023-01-28,5500,2372.56,282.24,0,0,0.431,"2025-08",162.57
"A100436","Mail",2024-10-30,9100,427.55,371.38,0,0,0.047,"2024-03",159.8
"A100437","Online",2023-11-06,7200,2091.03,471.6,0,0,0.29,"2024-01",156.46
"A100438","Online",2023-06-02,5800,843.76,740.57,0,0,0.145,"2025-03",157.03
"A100439","Online",2023-10-12,7900,2957.38,437.69,0,0,0.374,"2025-04",155.73
"A100440","Online",2023-05-28,3900,2635.86,605.03,0,0,0.676,"2024-02",160.61
"A100441","Online",2023-04-03,7900,2768.35,513.38,0,0,0.35,"2025-06",178.8
"A100442","Mail",2023-09-26,4500,2650.27,204.31,0,15,0.589,"2025-08",170.25
"A100443","Mail",2024-12-17,6200,1451.31,431.52,0,0,0.234,"2024-11",124.56
"A100444","Online",2024-11-05,3800,3132.65,95.8,0,15,0.824,"2024-01",151.69
"A100445","Partner",2024-01-07,4600,1698.09,630.88,0,0,0.369,"2025-01",129.72
"A100446","Mail",2024-05-31,7000,1695.71,203.19,0,0,0.242,"2024-01",145.9
"A100447","Mail",2023-02-25,5100,1230.42,692.81,0,0,0.241,"2025-08",126.03
"A100448","Online",2023-03-18,6300,402.05,435.33,0,0,0.064,"2024-03",126.33
"A100449","Online",2024-04-15,5100,2922.1,238.72,0,0,0.573,"2025-08",169.9
"A100450","Mail",2023-12-14,6400,863.36,659.56,0,0,0.135,"2024-12",177.24
"A100451","Mail",2024-11-14,7100,1092.99,100.25,0,0,0.154,"2025-04",144.18
"A100452","Online",2024-08-06,5500,2175.63,69.65,1,0,0.396,"2024-01",142.12
"A100453","Online",2023-05-06,3800,1899.86,497.19,1,0,0.5,"2025-11",146.9
"A100454","Online",2024-02-26,6000,3113.88,685.17,0,0,0.519,"2024-02",146.03
"A100455","Online",2023-06-01,4100,514.8,389.3,0,15,0.126,"2024-04",177.76
"A100456","Partner",2024-12-20,1000,1831.4,426.63,1,0,1.831,"2025-10",164.48
"A100457","Partner",2023-03-16,4300,2946.12,207.24,0,15,0.685,"2024-05",136.88
"A100458","Mail",2024-08-21,8800,2818.81,586.69,0,0,0.32,"2025-07",149.46
"A100459","Online",2024-08-28,1900,2913.62,452.29,0,0,1.533,"2024-03",178.71
"A100460","Online",2024-04-24,7800,2536.34,86.85,0,0,0.325,"2024-02",154.05
"A100461","Partner",2023-10-31,1400,701.51,667.04,0,15,0.501,"2024-08",124.76
"A100462","Online",2024-11-24,6400,564.15,239.37,0,0,0.088,"2025-08",123.56
"A100463","Online",2023-03-27,9000,554.88,441.09,0,0,0.062,"2024-10",174.37
"A100464","Online",2023-02-11,1100,1496.2,295.24,0,0,1.36,"2025-11",169.45
"A100465","Mail",2023-04-10,3600,2532.16,132.78,0,0,0.703,"2024-05",157.6
"A100466","Online",2023-01-25,7100,2912.29,688.8,0,0,0.41,"2025-07",132.83
"A100467","Online",2024-08-28,2000,1479.4,518.48,0,45,0.74,"2024-05",140.93
"A100468","Mail",2023-06-29,7300,2628.53,686.05,0,0,0.36,"2025-10",128.48
"A100469","Online",2023-10-20,9000,1605.13,144.51,0,0,0.178,"2024-04",145.88
"A100470","Partner",2024-06-22,7200,2235.81,551.19,0,0,0.311,"2025-03",166.4
"A100471","Online",2024-12-13,5100,2476.18,505.95,0,0,0.486,"2024-03",174.58
"A100472","Partner",2023-07-30,2200,2250.08,759.25,0,0,1.023,"2025-03",169.61
"A100473","Online",2024-06-30,7300,2742.74,485.47,0,0,0.376,"2024-07",177.35
"A100474","Mail",2024-12-03,6600,1134.71,277.35,0,0,0.172,"2025-03",142.59
"A100475","Mail",2023-12-09,4000,748.3,751.08,0,0,0.187,"2025-12",122.8
"A100476","Online",2023-03-17,6000,480.56,683.27,0,0,0.08,"2025-10",137.37
"A100477","Mail",2023-07-26,2600,244.38,368.43,0,0,0.094,"2024-02",179.98
"A100478","Online",2024-03-08,8200,2907.24,414.25,0,15,0.355,"2024-11",146.93
"A100479","Online",2023-10-18,5900,2588.16,626.39,0,0,0.439,"2024-08",179.7
"A100480","Mail",2024-10-30,8200,433.32,239.21,1,0,0.053,"2025-08",162.45
"A100481","Online",2024-01-01,7100,505.23,659.03,1,0,0.071,"2024-02",137.98
"A100482","Partner",2023-02-03,6800,721.68,666.57,0,15,0.106,"2025-06",174.5
"A100483","Online",2024-01-16,6700,1786.03,363,0,0,0.267,"2025-10",148.46
"A100484","Mail",2023-07-20,9500,2405.94,737.28,0,0,0.253,"2025-07",168.92
"A100485","Partner",2024-10-02,5600,554.66,103.16,1,15,0.099,"2025-02",135.21
"A100486","Online",2023-09-23,4100,510.32,657.57,0,0,0.124,"2024-10",177.49
"A100487","Online",2024-11-11,7500,1856.79,414.43,0,0,0.248,"2024-03",147.78
"A100488","Mail",2024-02-29,1000,1071.56,278.93,0,0,1.072,"2024-02",127.81
"A100489","Online",2023-02-08,2700,1521.32,513.41,0,0,0.563,"2024-06",166.22
"A100490","Partner",2023-08-30,8000,555.33,289.44,0,0,0.069,"2025-09",128.52
"A100491","Partner",2024-05-18,10000,2964.86,539.25,0,0,0.296,"2024-11",152.47
"A100492","Online",2023-08-03,8000,2397.77,736.89,0,0,0.3,"2024-12",159.45
"A100493","Online",2023-04-13,4500,1584.59,476.81,0,0,0.352,"2025-06",154.57
"A100494","Mail",2024-08-14,7800,2216.94,528.42,0,0,0.284,"2024-07",150.3
"A100495","Online",2024-02-04,8400,1065.48,362.05,0,0,0.127,"2025-01",175.82
"A100496","Partner",2023-01-02,3600,2190.34,647.46,1,0,0.608,"2025-01",133.6
"A100497","Online",2024-11-04,5100,1325.21,696.71,0,0,0.26,"2024-11",120.83
"A100498","Online",2023-03-19,8400,2212.77,325.56,0,0,0.263,"2025-12",136.68
"A100499","Mail",2023-06-07,3700,1438.17,415.95,0,15,0.389,"2025-01",138.69
"A100500","Mail",2023-06-05,4200,2333.96,722.26,0,0,0.556,"2025-09",174.03
"A100501","Online",2023-08-03,4100,1043.23,397.87,0,45,0.254,"2025-02",153.44
"A100502","Online",2024-11-28,9600,2416.11,207,0,0,0.252,"2024-10",128.1
"A100503","Online",2023-10-13,9400,1924.76,557.19,0,15,0.205,"2025-04",133.01
"A100504","Online",2024-12-29,5300,273.49,600.6,0,0,0.052,"2025-01",125.07
"A100505","Online",2024-02-27,7100,1288.08,539.52,0,45,0.181,"2025-09",171.34
"A100506","Online",2023-11-22,4600,1522.55,205.19,0,15,0.331,"2024-01",123.52
"A100507","Mail",2024-12-07,4900,1410.21,770.58,0,0,0.288,"2024-07",139.68
"A100508","Mail",2024-03-05,8800,1834.32,55.17,1,0,0.208,"2024-03",150.01
"A100509","Partner",2024-11-29,8000,2789.59,726.62,0,45,0.349,"2025-04",140.03
"A100510","Online",2023-04-25,2300,2497.02,117.23,0,0,1.086,"2024-10",172.62
"A100511","Online",2024-07-13,6500,396.27,677.82,1,0,0.061,"2025-05",172.97
"A100512","Online",2024-10-11,5700,552.55,465.65,1,0,0.097,"2024-01",174.07
"A100513","Partner",2024-06-23,9800,1129.36,502.56,0,0,0.115,"2024-04",167.88
"A100514","Online",2024-12-16,1200,1126.03,658.52,0,0,0.938,"2025-10",174.09
"A100515","Mail",2024-01-20,3200,2397.01,247.23,0,0,0.749,"2024-02",146.42
"A100516","Online",2023-02-13,8400,624.47,79.96,0,0,0.074,"2024-02",143.84
"A100517","Online",2024-03-08,7000,3132.72,153.72,0,45,0.448,"2024-05",142.29
"A100518","Mail",2023-06-10,7100,2764.4,129.04,0,45,0.389,"2024-05",151.73
"A100519","Online",2023-06-13,7600,1951.77,181.55,1,0,0.257,"2025-07",124.43
"A100520","Partner",2023-04-25,1700,2898.69,770.88,0,0,1.705,"2025-10",163.01
"A100521","Online",2023-12-01,6900,228.03,195.52,0,0,0.033,"2025-02",134.57
"A100522","Online",2023-03-18,10000,2553.67,299.14,0,0,0.255,"2024-07",170.67
"A100523","Online",2023-06-23,10000,2923.4,569.23,0,15,0.292,"2024-02",179.72
"A100524","Online",2024-08-28,5800,532.33,570.1,0,0,0.092,"2025-02",126.3
"A100525","Mail",2024-09-22,9800,1597.46,264.58,0,0,0.163,"2024-04",149.1
"A100526","Mail",2024-10-19,3700,2223.04,274.34,0,0,0.601,"2024-12",161.02
"A100527","Partner",2024-03-09,3700,1596.36,372.47,1,15,0.431,"2024-08",169.17
"A100528","Online",2024-09-06,8600,2825.06,336.97,0,0,0.328,"2025-04",165.93
"A100529","Partner",2023-10-09,8800,1403.26,730.11,0,0,0.159,"2025-07",145.61
"A100530","Online",2024-02-24,5300,1900.06,451.07,0,0,0.359,"2024-01",176.16
"A100531","Partner",2023-02-25,6000,2161.12,505.56,0,0,0.36,"2025-08",163.74
"A100532","Mail",2024-05-29,6000,1056.98,428.28,0,0,0.176,"2025-10",140.24
"A100533","Online",2023-08-05,4000,2875.83,428.31,0,0,0.719,"2025-03",148.74
"A100534","Partner",2024-06-06,8600,616.14,367.74,0,0,0.072,"2024-11",177.93
"A100535","Online",2023-02-20,5000,1871.58,213.15,0,15,0.374,"2025-06",174.82
"A100536","Mail",2023-01-11,8400,958.79,289.44,0,0,0.114,"2025-05",133.68
"A100537","Online",2023-08-18,6600,420.82,231.22,0,0,0.064,"2024-03",138.44
"A100538","Partner",2023-12-18,5500,2487.95,50.86,0,0,0.452,"2025-12",140.8
"A100539","Mail",2023-08-11,6000,2019.11,217.86,0,0,0.337,"2024-04",122.62
"A100540","Online",2024-09-04,6900,1198.98,776.87,0,0,0.174,"2024-01",177.82
"A100541","Partner",2023-05-25,7100,2928.99,374.3,0,0,0.413,"2025-01",168.93
"A100542","Online",2024-10-06,6400,1970.08,772.48,0,0,0.308,"2025-05",160.48
"A100543","Partner",2024-09-18,3100,3039.28,241.87,1,0,0.98,"2025-09",144.36
"A100544","Online",2023-12-01,3300,2906.99,151.57,0,15,0.881,"2025-04",135.97
"A100545","Mail",2023-08-31,2100,1360.9,471.94,1,0,0.648,"2025-09",175.7
"A100546","Partner",2024-08-30,5300,2355.44,374.94,0,90,0.444,"2025-12",141.99
"A100547","Online",2023-11-14,9900,2682.04,697.17,0,0,0.271,"2024-06",152.97
"A100548","Partner",2024-02-23,2900,2941.47,736.61,0,45,1.014,"2025-12",151.26
"A100549","Partner",2024-08-25,7000,591.86,513.73,1,15,0.085,"2024-07",175.62
"A100550","Online",2024-03-22,8900,333.25,680.7,1,0,0.037,"2024-07",150.1
"A100551","Online",2024-08-23,5800,3164.7,266.19,0,0,0.546,"2025-10",158.21
"A100552","Online",2023-05-23,5300,1368.44,724.35,0,0,0.258,"2025-09",134.1
"A100553","Mail",2024-09-26,7500,2333.16,155.83,0,15,0.311,"2025-08",141.81
"A100554","Partner",2023-10-18,4600,1777.82,156.44,0,0,0.386,"2025-02",173.61
"A100555","Mail",2024-06-25,2800,1360.7,484.68,0,0,0.486,"2025-03",165.96
"A100556","Mail",2023-06-11,8600,2355.7,796.27,0,15,0.274,"2024-05",167.73
"A100557","Mail",2024-08-03,6500,2840.54,450.11,0,15,0.437,"2025-04",139.38
"A100558","Mail",2023-05-10,1400,563.48,146.38,0,15,0.402,"2024-01",125.55
"A100559","Mail",2023-07-27,8000,1301.16,182.84,0,0,0.163,"2024-10",177.24
"A100560","Online",2024-05-02,2500,2569.8,630.91,0,0,1.028,"2025-03",147
"A100561","Online",2024-06-18,9200,846.8,537.88,0,15,0.092,"2025-12",153.5
"A100562","Partner",2024-04-15,6500,2062.18,467.13,0,0,0.317,"2025-07",130.26
"A100563","Mail",2024-12-28,3500,1333.17,609.13,0,15,0.381,"2025-09",121.27
"A100564","Online",2023-10-02,5400,2012.11,307.41,0,0,0.373,"2025-09",132.71
"A100565","Mail",2024-12-23,4700,1893.55,343.43,0,0,0.403,"2024-04",139.1
"A100566","Mail",2023-07-30,1900,2283.33,314.14,0,0,1.202,"2025-03",154.96
"A100567","Online",2023-07-16,4900,2642.43,517.09,0,0,0.539,"2025-09",123.08
"A100568","Partner",2024-11-15,1900,1561.05,170.56,0,15,0.822,"2025-06",134.99
"A100569","Mail",2024-12-20,4700,1309.89,234.83,1,15,0.279,"2024-09",120.88
"A100570","Partner",2024-05-01,10000,2667.98,760.75,0,15,0.267,"2025-09",133.11
"A100571","Mail",2024-06-27,6000,1737.87,791.26,0,0,0.29,"2024-01",151.42
"A100572","Partner",2023-02-17,3800,2424.75,451.75,0,0,0.638,"2024-01",139.79
"A100573","Mail",2024-10-27,9600,2748.02,83.98,0,0,0.286,"2024-08",164.49
"A100574","Online",2023-02-04,6300,1520.9,501.7,0,0,0.241,"2025-09",177.33
"A100575","Partner",2024-07-20,9400,1417.72,591.26,0,0,0.151,"2025-05",133.39
"A100576","Mail",2024-02-19,7500,2752.75,487.27,0,0,0.367,"2024-03",178.61
"A100577","Online",2023-06-01,9600,2381.07,444.86,0,0,0.248,"2025-06",125.52
"A100578","Online",2024-06-12,7300,2045.21,315.33,1,0,0.28,"2025-12",164.2
"A100579","Mail",2023-11-23,2800,2300,110.05,0,0,0.821,"2025-07",136.41
"A100580","Online",2024-03-16,2800,2444.52,146.29,0,15,0.873,"2025-10",136.59
"A100581","Partner",2024-02-23,8600,985.54,324.41,0,15,0.115,"2024-05",123.63
"A100582","Partner",2023-07-05,4200,1028.59,500.11,0,0,0.245,"2024-04",133.68
"A100583","Partner",2024-09-30,4700,798.39,228.38,0,45,0.17,"2024-08",165.54
"A100584","Online",2024-06-20,7300,3028.99,63.61,0,0,0.415,"2025-04",140.68
"A100585","Partner",2023-01-29,4600,1013.44,282.4,0,0,0.22,"2024-04",163.03
"A100586","Online",2024-11-23,8000,1695.23,108.51,0,45,0.212,"2024-10",132.19
"A100587","Online",2024-06-11,3500,310.06,238.18,0,15,0.089,"2025-01",123.32
"A100588","Mail",2024-11-11,9000,2605.21,155.66,0,0,0.289,"2025-09",163.61
"A100589","Partner",2023-08-28,5600,1415.67,327.59,0,0,0.253,"2025-04",135.98
"A100590","Mail",2023-01-09,4600,1580.38,155.27,1,45,0.344,"2025-07",139.82
"A100591","Mail",2023-10-20,4100,2993.46,476,0,0,0.73,"2025-09",171.15
"A100592","Online",2023-11-06,5400,1369.64,457.01,0,0,0.254,"2024-07",120.34
"A100593","Partner",2024-12-26,4900,2437.45,172.77,0,0,0.497,"2025-12",146
"A100594","Online",2024-04-14,4500,2550.83,758.77,0,15,0.567,"2024-06",127.1
"A100595","Online",2024-06-19,6500,822.37,519.42,0,0,0.127,"2025-07",150.23
"A100596","Partner",2023-06-07,5900,369.58,98.63,0,0,0.063,"2024-03",178.55
"A100597","Mail",2024-09-12,7700,1194.54,185.69,0,0,0.155,"2024-08",159.7
"A100598","Online",2024-12-02,4900,2251.42,550.8,0,0,0.459,"2025-06",173.05
"A100599","Partner",2024-09-19,3700,2503.32,730.05,0,0,0.677,"2025-02",164.08
"A100600","Online",2024-01-02,6500,2159.15,661.86,0,0,0.332,"2025-06",150.32
